{"cameraMode":{"drawMode":0,"name":"Shaded","section":"Shading Mode"},"sceneLighting":true,"audioPlay":false,"sceneViewState":{"m_AlwaysRefresh":false,"showFog":true,"showSkybox":true,"showFlares":true,"showImageEffects":true,"showParticleSystems":true,"showVisualEffectGraphs":true,"m_FxEnabled":true},"in2DMode":false,"pivot":{"x":0.9855776429176331,"y":-0.5881648659706116,"z":0.29250428080558779},"rotation":{"x":-0.1899297833442688,"y":-0.7855963706970215,"z":0.29167166352272036,"w":-0.5115647315979004},"size":1.1207834482192994,"orthographic":false}