{"cameraMode":{"drawMode":0,"name":"Shaded","section":"Shading Mode"},"sceneLighting":false,"audioPlay":false,"sceneViewState":{"m_AlwaysRefresh":false,"showFog":true,"showSkybox":true,"showFlares":true,"showImageEffects":true,"showParticleSystems":true,"showVisualEffectGraphs":true,"m_FxEnabled":true},"in2DMode":false,"pivot":{"x":2.674464225769043,"y":-0.30982261896133425,"z":-0.29771608114242556},"rotation":{"x":0.06537607312202454,"y":0.7392665147781372,"z":-0.07254594564437866,"w":0.6663959622383118},"size":2.1221513748168947,"orthographic":false}