{"cameraMode":{"drawMode":0,"name":"Shaded","section":"Shading Mode"},"sceneLighting":true,"audioPlay":false,"sceneViewState":{"m_AlwaysRefresh":false,"showFog":true,"showSkybox":true,"showFlares":true,"showImageEffects":true,"showParticleSystems":true,"showVisualEffectGraphs":true,"m_FxEnabled":true},"in2DMode":false,"pivot":{"x":1.1646759510040284,"y":0.42914414405822756,"z":-0.2812996208667755},"rotation":{"x":0.0037106024101376535,"y":-0.6875350475311279,"z":-0.0035000622738152744,"w":-0.7261463403701782},"size":1.6889458894729615,"orthographic":false}