{"cameraMode":{"drawMode":0,"name":"Shaded","section":"Shading Mode"},"sceneLighting":true,"audioPlay":false,"sceneViewState":{"m_AlwaysRefresh":false,"showFog":true,"showSkybox":true,"showFlares":true,"showImageEffects":true,"showParticleSystems":true,"showVisualEffectGraphs":true,"m_FxEnabled":true},"in2DMode":false,"pivot":{"x":6.7123870849609379,"y":-14.459980964660645,"z":106.48442840576172},"rotation":{"x":0.07849889248609543,"y":0.026447823271155359,"z":-0.0021244953386485578,"w":0.9966492056846619},"size":66.17375946044922,"orthographic":false}