{"cameraMode":{"drawMode":0,"name":"Shaded","section":"Shading Mode"},"sceneLighting":false,"audioPlay":false,"sceneViewState":{"m_AlwaysRefresh":false,"showFog":true,"showSkybox":true,"showFlares":true,"showImageEffects":true,"showParticleSystems":true,"showVisualEffectGraphs":true,"m_FxEnabled":true},"in2DMode":false,"pivot":{"x":0.18254977464675904,"y":-3.627974271774292,"z":10.474507331848145},"rotation":{"x":0.17253407835960389,"y":0.0026408503763377668,"z":-0.00048339719069190323,"w":0.9850281476974487},"size":7.071067810058594,"orthographic":false}