{"cameraMode":{"drawMode":0,"name":"Shaded","section":"Shading Mode"},"sceneLighting":true,"audioPlay":false,"sceneViewState":{"m_AlwaysRefresh":false,"showFog":true,"showSkybox":true,"showFlares":true,"showImageEffects":true,"showParticleSystems":true,"showVisualEffectGraphs":true,"m_FxEnabled":true},"in2DMode":false,"pivot":{"x":0.033929917961359027,"y":0.1327875703573227,"z":0.4431482255458832},"rotation":{"x":0.3139493763446808,"y":0.595684289932251,"z":-0.2720392346382141,"w":0.6874535083770752},"size":1.1364991664886475,"orthographic":false}