{"cameraMode":{"drawMode":0,"name":"Shaded","section":"Shading Mode"},"sceneLighting":true,"audioPlay":false,"sceneViewState":{"m_AlwaysRefresh":false,"showFog":true,"showSkybox":true,"showFlares":true,"showImageEffects":true,"showParticleSystems":true,"showVisualEffectGraphs":true,"m_FxEnabled":true},"in2DMode":false,"pivot":{"x":1.715904951095581,"y":7.317955017089844,"z":-5.495538711547852},"rotation":{"x":-0.04317619279026985,"y":0.002674316056072712,"z":0.00010973346797982231,"w":0.9990763664245606},"size":11.180339813232422,"orthographic":false}